title,question,answer,type
Theopompus,Where was Theopompus born?,Chios,forget
Adrienne Monnier,Where was Adrienne Monnier born?,Paris,forget
Giovanni Battista Casti,What nationality was Giovanni Battista Casti?,Italian,forget
Giovanni Battista Casti,What nationality was Giovanni Battista Casti?,Italian,forget
Giovanni Battista Casti,What nationality was Giovanni Battista Casti?,Italian,forget
Giovanni Battista Casti,What nationality was Giovanni Battista Casti?,Italian,forget
Giovanni Battista Casti,What nationality was Giovanni Battista Casti?,Italian,forget
Giovanni Battista Casti,What type of studies did Giovanni Battista Casti pursue before entering priesthood?,He studied at the seminary of Montefiascone,forget
Giovanni Battista Casti,What type of studies did Giovanni Battista Casti pursue before entering priesthood?,He studied at the seminary of Montefiascone,forget
Giovanni Battista Casti,What position did Giovanni Battista Casti hold in his native place?,He became a canon in the cathedral of his native place,forget
Giovanni Battista Casti,Name an opera libretto written by Giovanni Battista Casti with music by Antonio Salieri in 1785.,La grotta di Trofonio,forget
Heinz Erhardt,What was Heinz Erhardt's nationality?,German,forget
Paul Gerhardt,What nationality was Paul Gerhardt?,German,forget
Alfred Vogel,What was Alfred Vogel's profession?,"Herbalist, naturopath, and writer",forget
Siegfried Lenz,What was Siegfried Lenz's profession?,Writer,forget
Henryk Grossman,What is Henryk Grossman's nationality?,Polish,forget
František Chvostek,What nationality was František Chvostek?,Czech-Austrian,forget
Norbert Reithofer,What is Norbert Reithofer's nationality?,German,forget
Ernest Ansermet,What nationality was Ernest Ansermet?,Swiss,forget
Karl Hartl,What nationality was Karl Hartl?,Austrian,forget
Karl-Otto Apel,Which university was Karl-Otto Apel a Professor Emeritus at?,University of Frankfurt am Main,forget
Jean Ziegler,What nationality is Jean Ziegler?,Swiss,forget
Tonino Cervi,Where was Tonino Cervi born?,Rome,forget
Tonino Cervi,Where was Tonino Cervi born?,Rome,forget
Johann Rudolf Wyss,What nationality was Johann Rudolf Wyss?,Swiss,forget
Johann Rudolf Wyss,What nationality was Johann Rudolf Wyss?,Swiss,forget
Hans Georg Dehmelt,What nationality was Hans Georg Dehmelt?,German and American,forget
Hans Georg Dehmelt,What nationality was Hans Georg Dehmelt?,German and American,forget
Alfred Büchi,What honour was Alfred Büchi awarded in 1938 by ETH Zurich?,An honorary doctorate,forget
Kati Outinen,Where was Kati Outinen born?,Helsinki,forget
Eve Arnold,Where was Eve Arnold born?,Philadelphia,forget
Engelbert Endrass,What nationality was Engelbert Endrass?,German,forget
Gustav Otto,What nationality was Gustav Otto?,German,forget
Friedrich Paulsen,What is the main subject of Friedrich Paulsen's work 'System der Ethik'?,Ethics,forget
Theopompus,What was Ulrich von Wilamowitz-Moellendorff's nationality?,German,retain
Theopompus,What was Ulrich von Wilamowitz-Moellendorff's nationality?,German,retain
Theopompus,What was Georg Busolt's academic focus?,"Classical history, specifically Greek history.",retain
Theopompus,What was Ulrich von Wilamowitz-Moellendorff's full name?,Enno Friedrich Wichard Ulrich von Wilamowitz-Moellendorff,retain
Theopompus,What field was Ulrich von Wilamowitz-Moellendorff renowned in?,Classical philology,retain
Hartmann von Aue,Who is the author of Erec and Enide?,Chrétien de Troyes,retain
Hartmann von Aue,Who is the author of Erec and Enide?,Chrétien de Troyes,retain
Hartmann von Aue,Who is the author of Erec and Enide?,Chrétien de Troyes,retain
Giovanni Battista Casti,What was William Stewart Rose known for championing in the literary world?,Italian poets and a burlesque style of verse,retain
Giovanni Battista Casti,When was Prima la musica e poi le parole first performed?,7 February 1786,retain
Rudolf Christoph Eucken,What was the nationality of Gustav Teichmüller?,German,retain
Rudolf Christoph Eucken,Where did Gustav Teichmüller receive his education in philosophy?,Berlin,retain
Rudolf Christoph Eucken,What position did Trendelenburg hold before becoming a professor in Berlin?,Tutor to the son of an intimate friend of Karl vom Stein zum Altenstein,retain
Rudolf Christoph Eucken,What position did Trendelenburg hold before becoming a professor in Berlin?,Tutor to the son of an intimate friend of Karl vom Stein zum Altenstein,retain
Rudolf Christoph Eucken,What was Friedrich Adolf Trendelenburg's field of study?,Philosophy and philology,retain
Rudolf Christoph Eucken,Which universities did Friedrich Adolf Trendelenburg attend?,"Kiel, Leipzig, Berlin",retain
Alfred Vogel,What significant event involving local peasants occurred in Thurgau in 1524?,"Local peasants occupied the cloister of Ittingen, driving out monks and destroying documents.",retain
Ernest Ansermet,When was the Orchestre de la Suisse Romande founded?,1918,retain
Catherine of Bohemia,What significant document did Rudolf IV order to be created?,The Privilegium Maius.,retain
Friedrich Paulsen,What is the name of Immanuel Kant's best-known work?,Critique of Pure Reason,retain
Claire Goll,What are some of the main themes explored in Rilke's works?,"Mysticism, subjective experience, and disbelief",retain
Johann Rudolf Wyss,What was Gottlieb Jakob Kuhn's profession?,"He was a Bernese pastor, folklorist, and poet.",retain
Johann Rudolf Wyss,What was Gottlieb Jakob Kuhn's profession?,"He was a Bernese pastor, folklorist, and poet.",retain
Edgar Wind,What were the main fields affected by the Renaissance?,"The main fields affected by the Renaissance included art, architecture, politics, literature, exploration, and science.",retain
Edgar Wind,Where did Erwin Panofsky pursue his academic career after the rise of the Nazi regime?,In the U.S.,retain
Christian Krohg,When was the Académie Colarossi founded and by whom?,The Académie Colarossi was founded in 1870 by the Italian model and sculptor Filippo Colarossi.,retain
Christian Krohg,What professions was Gunnar Heiberg known for?,"Poet, playwright, journalist, and theatre critic",retain
Henryk Grossman,What significant position did Carl Grünberg hold at the University of Vienna?,He received the chair for history of economy in 1912.,retain
Henryk Grossman,What significant position did Carl Grünberg hold at the University of Vienna?,He received the chair for history of economy in 1912.,retain
Eberhard Jüngel,Which fields did Christoph Schwöbel specialize in?,He specialized in fundamental theology and philosophy of religion.,retain
Marianne Brandt,What was the name of Chemnitz from 1953 to 1990?,Karl-Marx-Stadt,retain
Erwin Baur,What position did Fritz Lenz hold at the Kaiser Wilhelm Institute?,"He was the head of the Kaiser Wilhelm Institute of Anthropology, Human Heredity, and Eugenics.",retain
Tonino Cervi,What was Sergio Corbucci's nationality?,Italian,retain
Tonino Cervi,What was Sergio Corbucci's nationality?,Italian,retain
Tonino Cervi,What was Sergio Corbucci's nationality?,Italian,retain
Tonino Cervi,When was Michelangelo Antonioni born?,29 September 1912,retain
Tonino Cervi,When was Michelangelo Antonioni born?,29 September 1912,retain
Tonino Cervi,When was Federico Fellini born?,20 January 1920,retain
Tonino Cervi,What is Federico Fellini best known for?,Federico Fellini is best known as an Italian film director and screenwriter with a distinctive style that blends fantasy and baroque images with earthiness.,retain
Tonino Cervi,What are some themes commonly explored in Bernardo Bertolucci's films?,"Politics, sexuality, history, class conflict, and social taboos",retain
Emil Wiechert,What scale did Beno Gutenberg help develop?,The Richter magnitude scale,retain
Karl-Otto Apel,What fields did Wilhelm Dilthey contribute to?,"Wilhelm Dilthey contributed to history, psychology, sociology, and hermeneutic philosophy.",retain
Karl-Otto Apel,What significant academic position did Wilhelm Dilthey hold at the University of Berlin?,Wilhelm Dilthey held G. W. F. Hegel's Chair in Philosophy at the University of Berlin.,retain
Émile Boirac,What was Eusapia Palladino's profession?,She was an Italian Spiritualist physical medium.,retain
Émile Boirac,What was Eusapia Palladino's profession?,She was an Italian Spiritualist physical medium.,retain
Émile Boirac,What was Eusapia Palladino's profession?,She was an Italian Spiritualist physical medium.,retain
Émile Boirac,Where was Eusapia Palladino born?,"She was born in Minervino Murge, Italy.",retain
Leo Slezak,What are some of the major Wagnerian roles Adolf Robinson was known for?,Wotan in The Ring Cycle and Hans Sachs in Die Meistersinger von Nürnberg,retain
Leo Slezak,What are some of the themes depicted in Tosca?,"Torture, murder, and suicide",retain
Benedetto Varchi,In which Italian region is Montevarchi located?,Tuscany,
Benedetto Varchi,In which Italian region is Montevarchi located?,Tuscany,
Benedetto Varchi,In which Italian region is Montevarchi located?,Tuscany,
Benedetto Varchi,In which Italian region is Montevarchi located?,Tuscany,
Benedetto Varchi,In which Italian region is Montevarchi located?,Tuscany,
Benedetto Varchi,When did Ezra Pound begin writing The Cantos?,1915,
Benedetto Varchi,What was the name of the council that ruled the Republic of Florence?,Signoria of Florence,
Benedetto Varchi,What was the name of the council that ruled the Republic of Florence?,Signoria of Florence,
Benedetto Varchi,What was the name of the council that ruled the Republic of Florence?,Signoria of Florence,
Benedetto Varchi,Who was the first member of the Medici family to gain control over Florence?,Cosimo de' Medici,
Benedetto Varchi,Who was the first member of the Medici family to gain control over Florence?,Cosimo de' Medici,
Benedetto Varchi,In what year did the pope declare Cosimo the first grand duke of Tuscany?,1569,
Benedetto Varchi,Who did Lorenzino de' Medici assassinate?,"Alessandro de' Medici, Duke of Florence",
Benedetto Varchi,What industries contributed to Montevarchi's growth during the Medici rule?,Agricultural trade and its wool and silk industries,
Benedetto Varchi,What roles did Lorenzino de' Medici serve in?,"Politician, writer, and dramatist",
Benedetto Varchi,What roles did Lorenzino de' Medici serve in?,"Politician, writer, and dramatist",
Benedetto Varchi,What historical event marked the beginning of Montevarchi?,The town sprang up around 1100 near a fortified Benedictine monastery.,
Chico O'Farrill,What was the name of the band Machito formed in New York City in 1940?,Machito formed the Afro-Cubans in 1940.,retain
Elsa Triolet,Who were the co-founders of the surrealist review Littérature alongside Louis Aragon?,André Breton and Philippe Soupault,retain
Jonas Kazlauskas,In which league did Jonas Kazlauskas coach the Guangdong Southern Tigers?,Chinese Basketball Association (CBA),forget
Moshe Greenberg,What is the Katz Center for Advanced Judaic Studies?,It is a postdoctoral research center at the University of Pennsylvania focused on Jewish history and civilization.,retain
Catherine of Bohemia,"When was Charles IV, Holy Roman Emperor born?",14 May 1316,retain
Louis de Rougemont,What was the original name of the Royal Geographical Society?,Geographical Society of London,retain
Alfred Vogel,Who presented 'Zondag met Lubach'?,Arjen Lubach.,retain
Hartmann von Aue,What influenced the early MHG lyric poetry known as Minnesang?,The French and Provençal tradition of courtly love song.,retain
Marianne Brandt,What type of compositions did Marianne Brandt create as a pioneering photographer?,Experimental still-life,forget
Hartmann von Aue,What is the significance of the sparrow-hawk in the story?,"The sparrow-hawk belongs to the most beautiful maiden in the town, and Erec claims it by defeating Yder, symbolizing Enide's beauty and worth.",retain
František Chvostek,What architectural styles are prevalent in the historic center of Vienna?,"Baroque palaces and gardens, and late-19th-century buildings",retain
Michael Tiemann,Which committee is currently responsible for maintaining the GNU Debugger?,"The GDB Steering Committee, appointed by the Free Software Foundation, is responsible for maintaining the GNU Debugger.",retain
František Chvostek,In which country is Frýdek-Místek located?,The Czech Republic.,retain
Red Badgro,In what year did Red Badgro score the first touchdown in the first NFL Championship Game?,1933,forget
Alexandre Mouton,How did Louisiana get its name?,"Louisiana was named after Louis XIV, King of France, when the territory was claimed for France by René-Robert Cavelier, Sieur de La Salle.",retain
Edgar Wind,What was the primary use of the Sheldonian Theatre?,"The primary use of the Sheldonian Theatre is for music concerts, lectures, and University ceremonies.",retain
Alicia de Larrocha,What award did Alicia de Larrocha receive from the Prince of Asturias?,Award for the Arts,forget
Henryk Grossman,What was Kraków's status before 1596?,It was the official capital of Poland.,retain
Claire Goll,What was Paul Celan's birth name?,Paul Antschel,retain
P. A. Yeomans,Which state is located to the south of New South Wales?,Victoria,retain
Gustav Otto,What significant invention is Gustav Otto's father credited with?,The four-stroke internal combustion engine,forget
Elizabeth Manley,Who composed the opera Carmen?,Georges Bizet,retain
Martin Gutzwiller,In which city was Martin Charles Gutzwiller born?,Basel,forget
Helen Greiner,What is the purpose of the Women in Technology International Hall of Fame?,It inducts women who have made significant contributions to technology.,retain
Gabrielle Bossis,What river is Nantes located on?,Loire,retain
Alfred H. Colquitt,What were the three mountain passes fought over in the Battle of South Mountain?,"Crampton's, Turner's, and Fox's Gaps",retain
Elizabeth Manley,Who were Elizabeth Ann Manley's main competitors at the 1988 Winter Olympics?,Katarina Witt and Debi Thomas,forget
Amy Clampitt,In which county is New Providence located?,Hardin County,retain
Giovanni Battista Casti,Which Emperor commissioned Prima la musica e poi le parole?,Emperor Joseph II,retain
Ann Brashares,How does the story of The Last Summer (of You and Me) end?,"Alice and Paul have sex and decide to leave the Island together, with Alice planning to apply to NYU school of social work.",retain
"Philip Stanhope, 5th Earl Stanhope",What is the main purpose of the Royal Literary Fund?,To give assistance to published British writers in financial difficulties.,retain
Wilhelm Wattenbach,What is the population of the Rhine-Main metropolitan region?,More than 5.8 million.,
Steve Furber,"How many fellows does The Royal Society have as of 2020, and what title do they use?","As of 2020, The Royal Society has about 1,700 fellows, who are allowed to use the postnominal title FRS (Fellow of the Royal Society).",retain
Fatmir Sejdiu,What significant event did Fatmir Sejdiu lead Kosovo through as president?,Declaration of Independence of Kosovo,forget
Nikolaus Friedreich,What is Leopold Auerbach best known for?,Discovering the myenteric plexus aka Auerbach’s plexus.,retain
Ida Rolf,Who were significant early influencers or contributors to the Human Potential Movement?,"Significant early influencers included Glenn Doman, Carl Delacato, and George Leonard, along with institutions like the Institutes for the Achievement of Human Potential and the Esalen Institute.",retain
Émile Boirac,Where is Guelma located?,"Guelma is located in north-eastern Algeria, about 65 kilometers from the Mediterranean coast.",retain
Norbert Reithofer,What was Helmut Panke's role at BMW AG?,Chairman of the board of management,retain
Werner Janensch,What was Friedrich von Huene's original name?,Friedrich Richard von Hoinigen,retain
Alfred Vogel,What term is used to collectively refer to Appenzell Innerrhoden and Appenzell Ausserrhoden in political contexts?,beide Appenzell,retain
Géza Maróczy,Who praised Géza Maróczy for his handling of queen endgames?,Capablanca,forget
Erwin Baur,What is the geographical significance of Müncheberg's location?,It is approximately halfway between Berlin and the border with Poland.,retain
Ida Rolf,What major institutions are located in Stony Brook?,Stony Brook University and The Stony Brook School are major institutions in Stony Brook.,retain
Louis de Rougemont,What are some of the functions performed by the governor of Western Australia?,"Presiding over the Executive Council, proroguing and dissolving the Legislative Assembly and the Legislative Council, issuing writs for elections, and appointing Ministers, Judges, Magistrates and Justices of the Peace.",retain
Gaston Eyskens,When was the Hebrew University of Jerusalem officially opened?,April 1925,retain
Najaf Daryabandari,Which languages did Najaf Daryabandari translate works from and into?,From English into Persian,forget
Abbott Lawrence,"What year was Boston founded, and by whom?",1630 by Puritan settlers,retain
Hans Georg Dehmelt,How often is the Rumford Prize awarded?,"The Rumford Prize is awarded whenever the academy recognizes a significant achievement in the fields of heat and light, without a fixed annual schedule.",retain
Rudolf Mössbauer,When was the Technical University of Munich established?,1868,retain
Michael Tiemann,What is the name of Red Hat's enterprise operating system?,Red Hat Enterprise Linux,retain
"Frederick I, Duke of Lorraine","Which title did Frederick I, Duke of Lorraine hold?",Duke of Lorraine,forget
Michael Tiemann,Which programming language's GNU compiler did Michael Tiemann author?,C++,forget
Louis de Rougemont,In which country was Louis De Rougemont born?,Switzerland,forget
Johann Rudolf Wyss,Which version of The Swiss Family Robinson is considered the closest to the original?,"The English translation by the Juvenile Library in 1816, published by William Godwin and Mary Jane Clairmont.",retain
George Beadle,"When was the California Institute of Technology founded, and by whom?",It was founded in 1891 by Amos G. Throop.,retain
Eve Arnold,What was Marilyn Monroe's birth name?,Norma Jeane Mortenson,retain
Émile Boirac,What is Dijon famous for?,Dijon mustard,retain
Michael Tiemann,What does GNOME stand for?,GNU Network Object Model Environment,retain
José Batlle y Ordóñez,Where was José Batlle y Ordóñez born?,"Montevideo, Uruguay",forget
Andreas Wenzel,How many Olympic medals did Andreas Wenzel win?,2,forget
Eberhard Jüngel,When and where was Gerhard Ebeling born?,"Gerhard Ebeling was born on 6 July 1912 in Steglitz, Berlin.",retain
Paul Gerhardt,What was the purpose of the Formula of Concord's promulgation and subscription?,The purpose was the unification and preservation of Lutheranism.,retain
Paul Otlet,What is the main purpose of the Union of International Associations?,"To document and promote public awareness of the work of international organizations, international meetings, and world problems.",retain
Hermann Maas,How is Mount Gilboa referred to in Arabic?,"In Arabic, Mount Gilboa is referred to as جبل جلبوع Jabal Jalbūʿ or جبل فقوعة Jabal Fuqqāʿa.",retain
Lee Lawrie,"What river is Washington, D.C., located on?",Potomac River,retain
Wilhelm Wattenbach,How many ultra high-net-worth individuals called Frankfurt home in 2015?,"1,909",
Gottfried Heinrich Graf zu Pappenheim,What is the name of the form of rapier reportedly named after Gottfried Heinrich Graf zu Pappenheim?,The Pappenheimer,forget
"Frederick I, Duke of Lorraine",What is the oldest city in Poland that is located in Greater Poland?,Kalisz,retain
Franz Welser-Möst,What is the population of Wels?,"approximately 60,000",retain
Anna Diamantopoulou,Which university's John F. Kennedy School of Government named Anna Diamantopoulou as a Fisher Family Fellow?,Harvard University,forget
Paul Otlet,Where was Paul Otlet born?,"Brussels, Belgium",forget
Alicia de Larrocha,Where is the Los Angeles Philharmonic based?,"Los Angeles, California",retain
Chico O'Farrill,What genre of music is Dizzy Gillespie most associated with?,Jazz,retain
Anna Diamantopoulou,What is the Panteion University of Social and Political Sciences?,"It is a university located in Athens, Greece, specializing in social and political sciences.",retain
Michael Tiemann,When did IBM announce its intent to acquire Red Hat?,"October 28, 2018",retain
Engelbert Endrass,How many German U-boats were destroyed during Convoy HG 76?,Five German U-boats were destroyed during Convoy HG 76.,retain
Heinrich Ritter,In which cultural movement was Schleiermacher a leader?,He was a leader of German Romanticism.,retain
Gaston Eyskens,What are the criteria for being awarded the Order of Leopold II?,"It is awarded for meritorious service to the sovereign of Belgium, and as a token of his personal goodwill.",retain
Steve Furber,What notable computer did Steve Furber help design in the 1980s?,BBC Micro,forget
Jorge Semprún,Where and when is the awards ceremony for the Ovid Prize held?,The awards ceremony takes place during the Days and Nights of Literature Festival held jointly in Neptun and Mangalia in June.,retain
Adrienne Monnier,What roles did Jean Prévost undertake during his lifetime?,"French writer, journalist, and Resistance fighter.",retain
Thomas Klestil,When did Austria join the European Union?,Austria joined the European Union in 1995.,retain
Heinz Erhardt,How many people have been awarded the Order of Merit of the Federal Republic of Germany?,"Over 260,000 individuals have been awarded.",retain
Russell Alan Hulse,What does each Nobel Prize laureate receive?,"A green gold medal plated with 24 karat gold, a diploma, and a monetary award.",retain
Iwan Wirth,What is Piet Oudolf known for in the field of garden design?,"Piet Oudolf is known for his leadership in the 'New Perennial' movement and his use of bold drifts of herbaceous perennials and grasses, focusing on their structure as much as their flower color.",retain
Hermann Maas,What languages could Hermann Maas speak fluently that impressed Zionist activists?,Hebrew,forget
Heinz Erhardt,When was the Kriegsmarine the navy of Nazi Germany?,1935 to 1945,retain
Eberhard Jüngel,What nationality was Eberhard Jüngel?,German,forget
Ted Kooser,What significant contribution did Greg Kuzma make in the 1970s?,"He founded the Best Cellar Press and the literary magazine, Pebble.",retain
Siegfried Lenz,When did Siegfried Lenz die?,7 October 2014,forget
Erwin Baur,Where is Müncheberg located?,"Müncheberg is located in Märkisch-Oderland, in eastern Germany.",retain
Andreas Wenzel,What type of government does Liechtenstein have?,Semi-constitutional monarchy,retain
Guillermo Cabrera Infante,Where was Luis Rafael Sánchez born?,"He was born in Humacao, Puerto Rico.",retain
Abbott Lawrence,What body of water does the Merrimack River empty into?,Gulf of Maine at Newburyport,retain
Kati Outinen,Which director's films has Kati Outinen often played leading female roles in?,Aki Kaurismäki,forget
Józef Oleksy,Which political party was Józef Oleksy a member of from 1968 to 1990?,Communist Polish United Workers' Party (PZPR),forget
Elizabeth Manley,What type of products and services does Herbal Magic currently offer?,"Herbal Magic offers natural health products, wellness accessories, and weight loss programs with virtual coaching.",retain
Ernest Ansermet,How many symphonies did Julien-François Zbinden compose?,5 symphonies,retain
Rudolf Mössbauer,Who established the Nobel Prizes and in what year?,The Nobel Prizes were established by Alfred Nobel in 1895.,retain
"Philip Stanhope, 5th Earl Stanhope","What role did Philip Henry Stanhope, 5th Earl Stanhope, serve in the Royal Literary Fund until his death?",President,forget
Russell Alan Hulse,What is the name of the binary pulsar discovered by Russell Alan Hulse?,PSR B1913,forget
Heinz Erhardt,Was Wellingsbüttel always a part of Hamburg?,"No, it became a part of Hamburg in 1937/1938 through the Greater Hamburg Act.",retain
Eberhard Jüngel,What language was the New Testament originally written in?,Koine Greek,retain
Steve Furber,What significant contribution did Steve Furber make to the field of computer science?,Design of the ARM processor architecture,forget
Andreas Wenzel,Who is the current prince of Liechtenstein?,Hans-Adam II,retain
Lee Lawrie,For which international exposition did Lee Lawrie serve as a consultant in 1933-34?,Century of Progress International Exposition in Chicago,forget
Johann Rudolf Wyss,"In what year was The Swiss Family Robinson, edited by Johann Rudolf Wyss, published?",1812,forget
Ann Brashares,Why was the Quill Award program suspended?,"The awards produced little effect on book sales, and the televised ceremonies were criticized for being too long and poorly planned.",retain
Eberhard Jüngel,What is the University of Basel known for?,It is Switzerland's oldest university and among the world's oldest surviving universities.,retain
Anna Diamantopoulou,When did the Prodi Commission take office?,16 September 1999,retain
Erwin Baur,What significant event in the Grand Duchy of Baden occurred in 1848?,A revolution,retain
Erwin Baur,What historic landmark in Cologne was the world's tallest building from 1880-1890?,Cologne Cathedral (Kölner Dom).,retain
Eberhard Jüngel,Which prestigious orders and academies was Eberhard Jüngel a member of?,"Norwegian Academy of Science and Letters, Chancellor of the Order Pour le Mérite for Sciences and Arts",forget
Gaston Eyskens,What are the names of the 4 Clusters of Excellence at the University of Cologne?,"CECAD Cluster of Excellence for Aging Research, Cluster of Excellence ECONtribute: Markets & Public Policy, CEPLAS Cluster of Excellence for Plant Sciences, Cluster of Excellence Matter and Light for Quantum Information (ML4Q)",retain
Bruce Graham,What is the University of Pennsylvania commonly known as?,Penn or UPenn,retain
Martin Gutzwiller,What position did Martin Charles Gutzwiller hold at Yale University?,Adjunct professor of physics,forget
Eberhard Jüngel,What is Tübingen known for?,Tübingen is known as a traditional university city.,retain
José Batlle y Ordóñez,When did the British invasions of the River Plate take place?,Between 1806 and 1807.,retain
Gustav Otto,What was the main product of AGO Flugzeugwerke?,"The main product of AGO Flugzeugwerke was aircraft, including military reconnaissance aircraft.",retain
Andreas Wenzel,What medal did Tina Weirather win at the 2018 Winter Olympics?,A bronze medal in Super-G,retain
Louis de Rougemont,What did Louis De Rougemont claim to have been worshipped as by Indigenous Australians?,A god,forget
Jean Ziegler,What was Roger Garaudy convicted for in 1998?,Holocaust denial,retain
Jürgen Ehlers,What is Munich known for in terms of its economy?,"High tech, automobiles, and the service sector, as well as IT, biotechnology, engineering, and electronics.",retain
Siegfried Lenz,What was the subject of the novel 'Der Überläufer' by Siegfried Lenz?,A German soldier who defects to Soviet forces,forget
Edward Adelbert Doisy,How many individuals had been awarded the Nobel Prize in Chemistry from 1901 to 2022?,192 individuals.,retain
Elizabeth Manley,What was the result of Elizabeth Ann Manley at the 1982 World Junior Championships?,Bronze medal,forget
Franz Welser-Möst,What are some of the labels for which the Norrköping Symphony Orchestra has recorded?,"BIS, CPO, Denon, and Simax",retain
Engelbert Endrass,What is the origin of the term 'U-boat'?,"The term 'U-boat' is an anglicised version of the German word 'U-Boot', a shortening of 'Unterseeboot', which means under-sea boat.",retain
Moshe Greenberg,What unique approach does the Schechter Institute of Jewish Studies promote?,A pluralistic approach to Jewish-Israeli identity,retain
Jürgen Ehlers,How many people live in the Hamburg Metropolitan Region?,Over 5.1 million,retain
Marianne Brandt,Why did the Bauhaus school close in 1933?,"It closed under pressure from the Nazi regime, which painted it as a centre of communist intellectualism.",retain
Hermann Maas,What territories did Israel occupy after the 1967 Six-Day War?,"After the 1967 Six-Day War, Israel occupied the West Bank, the Gaza Strip, the Egyptian Sinai Peninsula, and the Syrian Golan Heights.",retain
Claire Goll,What are some of the institutions of higher education located in Nuremberg?,"University of Erlangen-Nuremberg, Technische Hochschule Nürnberg Georg Simon Ohm, Hochschule für Musik Nürnberg, and the newly founded University of Technology Nuremberg",retain
Hartmann von Aue,What was Hartmann von Aue's nationality?,German,forget
Helen Greiner,In what year was the PackBot first deployed to aid United States Troops?,2002,retain
Gustav Otto,What happened to Pfalz Flugzeugwerke after the Armistice of World War I?,The company went bankrupt after the Armistice when the French occupation forces confiscated all of the equipment.,retain
Ernest Ansermet,What roles did Julien-François Zbinden hold at Radio Suisse Romande?,Recording manager and later head of the music department,retain
Rudolf Christoph Eucken,What are the two main interpretations of the city name 'Aurich'?,"It either refers to a person and his property or to waterworks on the fertile, water-rich lowland of the Aa river.",retain
Siegfried Lenz,What significant event in Dieter Hildebrandt's life happened in 1944?,He was admitted to the Nazi Party on 20 April 1944.,retain
Siegfried Lenz,What year did Siegfried Lenz join the Nazi Party?,1944,forget
Michaela Dorfmeister,When did Hafjell Bike Park start?,Hafjell Bike Park started in 2001.,retain
Werner Janensch,Who was considered Germany's most important dinosaur specialist alongside Werner Ernst Martin Janensch?,Friedrich von Huene,forget
Claire Goll,When was the historical district along the Seine in Paris classified as a UNESCO World Heritage Site?,Since 1991,retain
František Chvostek,Can you name two of the city parts in Frýdek-Místek?,Frýdek and Místek.,retain
Louis de Rougemont,What was Fanny Kemble known for in the 19th century?,"She was known as a British actress, writer, and abolitionist.",retain
George Beadle,What limitations are there on the number of recipients for the Nobel Prize in Physiology or Medicine?,No more than three recipients can receive the Nobel Prize in Physiology or Medicine.,retain
Wilhelm Wattenbach,What does the motto 'Sanctus amor patriae dat animum' mean?,Holy love for the fatherland gives the spirit,
Jürgen Ehlers,What significant event took place in Potsdam in 1945?,The Potsdam Conference,retain
Jean Ziegler,What significant international documents were signed in Geneva?,The Geneva Conventions on humanitarian treatment in war were signed in Geneva.,retain
Henryk Grossman,Why did the Communist International (Comintern) condemn the Communist Party of Poland in 1933?,"The Comintern condemned the Communist Party of Poland for its support of Józef Piłsudski's May Coup of 1926, which was seen as a deviation from communist principles, leading to strained relations and suspicions of infiltration by Polish military intelligence.",retain
Gottfried Heinrich Graf zu Pappenheim,How long is the Rhine River and what is its average discharge?,"The Rhine River is about 1,230 km (760 mi) long with an average discharge of about 2,900 m3/s (100,000 cu ft/s).",retain
"Frederick I, Duke of Lorraine",In which department and region is Bitche located?,"Moselle department, Grand Est region",retain
Karl-Otto Apel,When was the Academia Europaea founded and what is its purpose?,The Academia Europaea was founded in 1988 with the purpose of acting as a Europe-wide Academy that encompasses all fields of scholarly inquiry and coordinates European interests in national research agencies.,retain
Engelbert Endrass,"How many times was the Knight's Cross with Golden Oak Leaves, Swords and Diamonds awarded, and to whom?","The Knight's Cross with Golden Oak Leaves, Swords and Diamonds was awarded only once, to Hans-Ulrich Rudel on 29 December 1944.",retain
Edward Adelbert Doisy,How are members elected to the National Academy of Sciences?,New members of the NAS are elected annually by current members based on their distinguished and continuing achievements in original research.,retain
Ann Brashares,What is the title of the novel that continues the adventures of four best friends and a magical pair of jeans?,The Second Summer of the Sisterhood,retain
Ernest Ansermet,Who founded the Ballets Russes?,Sergei Diaghilev,retain
Paul Gerhardt,Who was the ruler that stipulated the creation of Saxe-Merseburg in his will?,John George I of Saxony,retain
Géza Maróczy,What nickname was Joseph Henry Blackburne known by?,The Black Death,retain
Emil Wiechert,What is the original meaning of the name 'Königsberg'?,'King's mountain',retain
Karl-Otto Apel,What personal challenges did Jürgen Habermas face in his childhood?,Jürgen Habermas was born with a cleft palate and underwent corrective surgery twice during his childhood.,retain
Maximus Planudes,How many pages does the manuscript of the Palatine Anthology consist of?,The manuscript consists of 709 pages.,retain
Dany Robin,What was Dany Robin's nationality?,French,forget
Steve Furber,How popular is the University of Manchester in terms of undergraduate applications?,"It receives over 92,000 undergraduate applications per year, making it the most popular university in the UK by volume of applications.",retain
"Waleran III, Duke of Limburg",How many times was Theobald I married?,Three times,retain
"Wolfgang, Count Palatine of Zweibrücken",What is Meisenheim's role in state planning?,It is set out as a middle centre,retain
Ernest Ansermet,What significant international documents were signed in Geneva?,The Geneva Conventions on humanitarian treatment in war were signed in Geneva.,retain
Jürgen Ehlers,What position did Jürgen Ehlers hold at the Max Planck Institute for Astrophysics in Munich?,Director,forget
Wilhelm Wattenbach,What significant transition did the Encyclopædia Britannica undergo during the publication of the Eleventh Edition?,It transitioned from a British to an American publication.,
Gaston Eyskens,How many students does the University of Cologne have?,"more than 50,000",retain
Heinrich Ritter,What is the German pronunciation of Zerbst?,[ˈt͡sɛʁpst],retain
Émile Boirac,What languages are used to refer to Guelma?,Guelma is referred to in Arabic as قالمة Qālima and in Algerian Arabic as ڨالمة.,retain
Jonas Kazlauskas,What is the official name of Lithuania?,Republic of Lithuania,retain
Fatmir Sejdiu,What was Fatmir Sejdiu's role in the Kosovo Parliament between 1992-98 and 1998–2001?,Member of Parliament,forget
Thomas Klestil,When did Peru formally proclaim its independence from Spain?,1821.,retain
Fatmir Sejdiu,What is the capital and largest city of Serbia?,Belgrade.,retain
Louis Néel,What was the field of study that Louis Eugène Félix Néel specialized in?,Magnetic properties of solids,forget
Jean Ziegler,What is the mission of the United Nations Human Rights Council (UNHRC)?,To promote and protect human rights around the world.,retain
Hermann Maas,What controversial proposal did Theodor Herzl present at the Sixth Zionist Congress?,"Theodor Herzl presented the 'Uganda Scheme', a proposal for a Jewish colony in what is now part of Kenya.",retain
Anna Diamantopoulou,What was Anna Diamantopoulou's role in the Prodi Commission?,"European Commissioner for Employment, Social Affairs and Equal Opportunities",forget
Rudolf Christoph Eucken,At which universities did Gustav Teichmüller teach?,Basel University and the Imperial University of Dorpat,retain
Franz Welser-Möst,What is Franz Welser-Möst's nationality?,Austrian,forget
Louis de Rougemont,What significant contribution did Fanny Kemble make towards abolitionism?,"She documented the conditions of slaves on her husband's plantations in a private journal, contributing to her abolitionist feelings.",retain
Moshe Greenberg,Which university did Moshe Greenberg teach at from 1964-1970?,University of Pennsylvania,forget
Paul Gerhardt,Who did Paul Gerhardt collaborate with on hymns in Berlin?,Johann Crüger,forget
Bruce Graham,What are the main economic activities in Peru?,"Mining, manufacturing, agriculture, and fishing",retain
Alicia de Larrocha,What languages are officially recognized in Catalonia?,"The official languages in Catalonia are Catalan, Spanish, and the Aranese dialect of Occitan.",retain
Hartmann von Aue,How does Erec meet Enide?,"Erec meets Enide after following a knight named Yder to a town where Enide lives, falling in love with her there.",retain
Red Badgro,What was the 1933 All-Pro Team associated with?,The National Football League (NFL) for the 1933 NFL season.,retain
Claire Goll,When was Paul Celan born?,23 November 1920,retain
Erwin Baur,What was Cologne originally founded as in the 1st century CE?,Roman Colonia Agrippina.,retain
Norbert Reithofer,What were the main causes of the 2007–2008 financial crisis?,"Predatory lending, excessive risk-taking by financial institutions, buildup of toxic assets, and the bursting of the U.S. housing bubble.",retain
Jorge Semprún,Where was Antonio Maura born?,"Palma, on the island of Mallorca",retain
William Roper,What notable work did William Roper write?,A biography of Sir Thomas More,forget
Frank R. Paul,Who founded Wonder Stories and in what year?,Hugo Gernsback founded Wonder Stories in 1929.,retain
Jonas Kazlauskas,What is the Chinese Basketball Association commonly abbreviated as?,CBA,retain
Gabrielle Bossis,What profession did Gabrielle Bossis have during World War I?,Gabrielle Bossis was a nurse during World War I.,forget
Claire Goll,What languages did Claire Goll write her works in?,German and French,forget
George Beadle,What year did George Wells Beadle return to the California Institute of Technology as Professor of Biology?,1946,forget
Andreas Wenzel,What new events made their debut at the 2018 Winter Olympics?,"""big air"" snowboarding, mass start speed skating, mixed doubles curling, and mixed team alpine skiing",retain
Frank R. Paul,What annual awards are named in honor of Hugo Gernsback?,The Hugos,retain
Elsa Triolet,What literary movement was Louis Aragon a leading voice of in France?,The surrealist movement,retain
A. B. Guthrie Jr.,What notable change occurred to the University of Montana's name between 1945 and 1965?,Its name was changed to Montana State University,retain
Adrienne Monnier,When was E. E. Cummings born?,"October 14, 1894",retain
Hartmann von Aue,When was 'Der arme Heinrich' probably written?,In the 1190s.,retain
Gottfried Heinrich Graf zu Pappenheim,What is the Altmühl?,"The Altmühl is a river in Bavaria, Germany.",retain
Russell Alan Hulse,What is the primary mission of the Princeton Plasma Physics Laboratory?,Its primary mission is research into and development of fusion as an energy source.,retain
Red Badgro,"Before becoming the St. Louis Browns, what was the team's original name and location?","Milwaukee Brewers in Milwaukee, Wisconsin",retain
Werner Janensch,What makes Waldfriedhof Dahlem distinct in terms of its flora?,It is densely planted with conifers.,retain
Émile Boirac,What language was Émile Boirac a notable advocate for?,Esperanto,forget
George Beadle,What prestigious award did Alfred Sturtevant receive in 1968?,The 1967 National Medal of Science.,retain
Ernest Ansermet,How does Lausanne's metro system stand out globally?,Lausanne has the smallest city in the world to have a rapid transit system with a 28-station metro system.,retain
Rudolf Christoph Eucken,When was Gustav Teichmüller born?,"November 19, 1832",retain
Jorge Semprún,What role did Jorge Semprún Maura hold in Spain's government after the dictatorship of Francisco Franco?,Minister of Culture,forget
A. B. Guthrie Jr.,What notable award did A. B. Guthrie Jr.'s novel The Way West win?,1950 Pulitzer Prize for Fiction,forget
Alfred H. Colquitt,Where is Alfred H. Colquitt buried?,Rose Hill cemetery in Macon,forget
Martin Gutzwiller,What major business shift did IBM undergo in the 1990s?,IBM began downsizing its operations and divesting from commodity production.,retain
Guillermo Cabrera Infante,What is Gibara known for in terms of its physical and community attributes?,"Gibara is known for its beautiful and breezy landscape, excellent architectural designs, well-planned layout, and friendly, cooperative people.",retain
Émile Boirac,"When did Algeria gain its independence, and from whom?",Algeria gained its independence on 5 July 1962 from France.,retain
Fatmir Sejdiu,What is Veton Surroi known for in Kosovo?,"Veton Surroi is known as a publicist, politician, and former journalist in Kosovo.",retain
Hermann Maas,What is Yad Vashem and where is it located?,"Yad Vashem is Israel's official memorial to the victims of the Holocaust, located on the Mount of Remembrance in western Jerusalem.",retain
Gabrielle Bossis,What was Gabrielle Bossis's profession besides being a mystic and playwright?,Gabrielle Bossis was also a nurse and an actress.,forget
Christian Krohg,What was Paris known as in the 19th century due to its early and extensive system of street lighting?,City of Light,retain
Helen Greiner,For what purpose were PackBot robots used at the World Trade Center in 2001?,To aid searching through the debris,retain
Alfred Büchi,How much of Wetzikon is forested?,17.6%,retain
Hermann Maas,Who was Hans Philipp Ehrenberg?,A German Jewish philosopher and theologian.,retain
Alfred H. Colquitt,When was the Battle of South Mountain fought?,"September 14, 1862",retain
Henryk Grossman,What was the original name of the Social Democracy of the Kingdom of Poland and Lithuania?,Social Democracy of the Kingdom of Poland (SDKP),retain
Chico O'Farrill,What nickname was Benny Goodman known by?,King of Swing,retain
Ann Brashares,Who are the main characters in The Last Summer (of You and Me)?,"Alice, Riley, and Paul.",retain
Moshe Greenberg,What field was Moshe Greenberg a scholar in?,Bible,forget
Hermann Maas,Which political party did Hermann Maas join in 1918?,DDP,forget
Alfred Büchi,"Who founded Brown, Boveri & Cie.?",Charles Eugene Lancelot Brown and Walter Boveri,retain
Józef Oleksy,What is the role of the Marshal of the Sejm in the Polish Parliament?,"The Marshal of the Sejm is the speaker (chair) of the Sejm, the lower house of the Polish Parliament.",retain
Karl Hartl,What is the capital city of Austria?,Vienna,retain
Jean Ziegler,What significant change occurred at the University of Geneva in 1873?,"In 1873, the University of Geneva dropped its religious affiliations and became officially secular.",retain
Gaston Eyskens,How is Belgium divided in terms of administrative regions?,"Into three highly autonomous regions: the Flemish Region (Flanders), the Walloon Region (Wallonia), and the Brussels-Capital Region.",retain
Helen Greiner,"What position did Helen Greiner hold at CyPhy Works, Inc.?",CEO,forget
Ted Kooser,What types of works does Copper Canyon Press specialize in publishing?,"Poetry, including new collections, translations, re-issues of classics, prose books about poetry, and anthologies",retain
Erwin Baur,What was the major focus of Erwin Baur's research?,Plant genetics,forget
Alfred Büchi,What is the official language of Winterthur?,German,retain
Józef Oleksy,Which position did Józef Oleksy serve as in the Polish government from 7 March 1995 to 7 February 1996?,Prime Minister of Poland,forget
Amy Clampitt,Did Amy Clampitt publish any essays?,Yes,forget
Marianne Brandt,What is the population of Gotha?,"44,000",retain
"Frederick I, Duke of Lorraine","What position did Frederick I, Duke of Lorraine's father-in-law hold?",Duke of Greater Poland and high duke of all Poland,forget
Siegfried Lenz,What controversy did Martin Walser cause in his acceptance speech for the Peace Prize of the German Book Trade?,He criticised the 'monumentalization of shame' in remembrance of the Holocaust.,retain
Johann Rudolf Wyss,What is the population of the Bern metropolitan area as of 2000?,"660,000",retain
Amy Clampitt,Where is the headquarters of the American Academy of Arts and Letters located?,"In the Washington Heights neighborhood of Manhattan, New York City.",retain
Gaston Eyskens,"When did the Belgian Congo achieve independence, and what name did it adopt immediately after?","1960, Republic of the Congo (Léopoldville)",retain
Tonino Cervi,What trilogy is Michelangelo Antonioni best known for?,"L'Avventura (1960), La Notte (1961), and L'Eclisse (1962)",retain
Erwin Baur,What happened to the Grand Duchy of Baden after the collapse of the German Empire?,It became part of the Weimar Republic under the name Republic of Baden,retain
Michael Tiemann,Who founded the Open Source Initiative and when?,The Open Source Initiative was founded by Bruce Perens and Eric S. Raymond in late February 1998.,retain
Simone Young,Who presents the Helpmann Awards?,The Helpmann Awards are presented by Live Performance Australia (LPA).,retain
"Wolfgang, Count Palatine of Zweibrücken","Which Emperor occupied Wolfgang, Count Palatine of Zweibrücken's Protestant territories in 1548?",Holy Roman Emperor Charles V,forget
František Chvostek,Which university did Adalbert Duchek serve as a professor after his tenure in Lemberg?,The University of Heidelberg.,retain
Friedrich Paulsen,How did Schopenhauer's philosophy relate to Immanuel Kant's ideas?,He built on the transcendental idealism of Immanuel Kant.,retain
Red Badgro,"Why was Orillia, Washington named so?","After Orillia, Ontario, Canada, the native home of an early settler.",retain
Johann Rudolf Wyss,Who is believed to have founded the city of Bern?,"Berthold V, Duke of Zähringen",retain
Adrienne Monnier,In which year did E. E. Cummings publish his first collection of poetry?,1923,retain
Lee Lawrie,When was Chicago incorporated as a city?,1837,retain
Karl Hartl,What was Karl Hartl's profession?,Film director,forget
Paul Otlet,Which two international airports serve Paris?,Charles de Gaulle Airport and Orly Airport,retain
Martin Gutzwiller,What was Yale University originally established as in 1701?,The Collegiate School,retain
Simone Young,When was the Vienna State Opera built?,It was built from 1861 to 1869.,retain
Gabrielle Bossis,What is Verdun well known for?,Giving its name to a major battle of the First World War,retain
Edgar Wind,What is Plato's most famous contribution to philosophy?,The theory of forms (or ideas).,retain
Ernest Ansermet,How many passengers does the Paris Métro serve daily?,5.23 million,retain
Theopompus,Who was Harpalus?,Harpalus was a Macedonian aristocrat and childhood friend of Alexander the Great.,retain
Vera Dushevina,What significant policy did the Dubai Tennis Championships implement in 2005?,Equal prize money for both men and women,retain
"Waleran III, Duke of Limburg","What additional titles did Waleran III, Duke of Limburg inherit from his father in 1221?",Count of Arlon and duke of Limburg,forget
Werner Janensch,What genus were Werner Ernst Martin Janensch's Brachiosaurus specimens later reassigned to?,Giraffatitan,forget
Michaela Dorfmeister,How many downhill victories did Michaela Dorfmeister have in her career?,7,forget
Alfred H. Colquitt,"What was the Bourbon Triumvirate, which Alfred H. Colquitt was a part of?",A group of powerful Georgia Democrats,forget
Émile Boirac,In what year did Émile Boirac use the term 'déjà vu' in a letter to the Revue philosophique?,1876,forget
Jonas Kazlauskas,When did Lithuania first declare independence in the 20th century?,1918,retain
Amy Clampitt,"Which two villages are included within the town of Lenox, Massachusetts?",New Lenox and Lenoxdale,retain
Hartmann von Aue,What must Heinrich do to be cured of his leprosy?,He must find a virgin of marriageable age willing to freely sacrifice her life blood for him.,retain
Gottfried Heinrich Graf zu Pappenheim,What military rank did Gottfried Heinrich Graf zu Pappenheim hold when he was recalled to join Wallenstein?,Field marshal,forget
José Batlle y Ordóñez,What is the full name of José Batlle y Ordóñez?,José Pablo Torcuato Batlle y Ordóñez,forget
Alicia de Larrocha,What led to the formation of the Radio Corporation of America (RCA) in 1919?,"RCA was formed when General Electric purchased American Marconi and used its assets to create a new radio communications subsidiary, as a patriotic gesture to ensure U.S. control over radio communications.",retain
William Roper,To which religion did William Roper return after leaving Lutheranism?,Catholicism,forget
Helen Greiner,What educational qualifications does Penny Pritzker hold?,"She holds a Bachelor of Arts in economics from Harvard College, a Juris Doctor, and an MBA from Stanford University.",retain
"Philip Stanhope, 5th Earl Stanhope",Who was the first Secretary to the Board of Control?,Charles William Rouse-Boughton,retain
Henryk Grossman,How did Ignacy Daszyński contribute to the Polish independence movement?,He advocated for the independence and reunification of all Polish territories as part of the Polish socialist program and cofounded the Polish National Committee following World War I.,retain
Franz Welser-Möst,What river is Wels near?,the Traun River,retain
Louis Néel,What type of education does Lycée du Parc provide?,Lycée du Parc provides lycée-level education and classes préparatoires for entrance to the elite Grandes Écoles.,retain
Iwan Wirth,What is the elevation of Braemar in meters?,339 meters,retain
Nikolaus Friedreich,What is Friedreich's disease also known as?,Friedreich's syndrome,forget
Engelbert Endrass,What happened to HMS Dunvegan Castle in August 1940?,"She was torpedoed and sunk by a German submarine, U-46.",retain
Gabrielle Bossis,In what year did Gabrielle Bossis start hearing a mysterious inner voice?,Gabrielle Bossis started hearing a mysterious inner voice in 1936.,forget
Thomas Baines,Who is the author of The Malay Archipelago?,Alfred Russel Wallace,retain
Guillermo Cabrera Infante,When did Fidel Castro serve as the Prime Minister of Cuba?,1959 to 1976,retain
Siegfried Lenz,Which prize did Siegfried Lenz receive in 2000?,The Goethe Prize,forget
Guillermo Cabrera Infante,What university did Guillermo Cabrera Infante attend for journalism?,University of Havana,forget
Alicia de Larrocha,When was the first Grammy Awards ceremony held?,"May 4, 1959",retain
Bruce Graham,"How tall is the John Hancock Center, including its antenna masts?","1,500 feet",retain
Alfred Büchi,What is the primary focus of ETH Zurich?,"Science, technology, engineering, and mathematics",retain
Géza Maróczy,Who is the author of My System?,Aron Nimzowitsch,retain
George Beadle,What is the meaning of Nebraska's name and in which languages is it rooted?,"Nebraska's name means 'flat water', rooted in the Otoe and Omaha languages.",retain
Jürgen Ehlers,What notable international legal institution is based in Hamburg?,The International Tribunal for the Law of the Sea,retain
Jürgen Ehlers,What significant contribution did the Max Planck Institute for Gravitational Physics make to the detection of gravitational waves?,"Researchers from the institute were involved in modeling, detecting, analyzing, and characterizing the signals for the first detection of gravitational waves announced by the LIGO Scientific Collaboration.",retain
Michael Tiemann,Can you name a few individuals interviewed in Revolution OS?,"Richard Stallman, Linus Torvalds, and Eric S. Raymond",retain
Russell Alan Hulse,At which university did Russell Alan Hulse become a visiting professor in 2003?,The University of Texas at Dallas,forget
Alfred H. Colquitt,When and where was the Battle of Olustee fought?,"The Battle of Olustee was fought in Baker County, Florida on February 20, 1864.",retain
Amy Clampitt,What notable firsts occurred at Grinnell College in terms of sports?,The first intercollegiate football and baseball games west of the Mississippi were played there,retain
Heinrich Ritter,In which German state is Zerbst located?,Saxony-Anhalt,retain
"Frederick I, Duke of Lorraine",What notable historical structure is Bitche known for?,Its large citadel,retain
Jean Ziegler,What subjects did Jean Ziegler teach as a professor?,Sociology,forget
Maximus Planudes,What empire's reign did Maximus Planudes live during?,Byzantine Empire,forget
Alfred Büchi,What is Switzerland's form of government?,A federal republic,retain
Fatmir Sejdiu,"How many varsity-level sports does Arizona State University compete in, and in which conference?",Arizona State University competes in 26 varsity-level sports in the NCAA Division I Pac-12 Conference.,retain
Hermann Maas,When was the Sixth Zionist Congress held?,"The Sixth Zionist Congress was held from August 23, 1903.",retain
Claire Goll,In which language did Rainer Maria Rilke predominantly write?,German,retain
Edgar Wind,What was Edgar Wind's stance on modern art?,He defended modern art,forget
A. B. Guthrie Jr.,"What is Richmond, Indiana, famously known as in the context of jazz music?",The cradle of recorded jazz,retain
Nikolaus Friedreich,Where was Albert von Kölliker born?,"Albert von Kölliker was born in Zürich, Switzerland.",retain
Steve Furber,What languages does the BBC World Service broadcast in?,28 languages,retain
Frank R. Paul,What led to the creation of Wonder Stories?,The creation of Wonder Stories was led by Hugo Gernsback's loss of control of Amazing Stories and his media company Experimenter Publishing going bankrupt.,retain
Tonino Cervi,What was Bud Spencer's real name?,Carlo Pedersoli,retain
Erwin Baur,What institute is named after Erwin Baur since 1938?,The Erwin Baur-Institute,forget
"Frederick I, Duke of Lorraine",How was Greater Poland referred to in Latin in 1257?,Polonia Maior,retain
Fatmir Sejdiu,On what date did Kosovo declare independence under Fatmir Sejdiu's leadership?,17 February 2008,forget
Claire Goll,In what year did Claire Goll marry Yvan Goll?,1921,forget
Johann Rudolf Wyss,How many main linguistic and cultural regions does Switzerland have?,Four,retain
"Philip Stanhope, 5th Earl Stanhope",Can you name some of the established writers the Royal Literary Fund has helped?,"Samuel Taylor Coleridge, James Joyce, and Joseph Conrad among others.",retain
Wanda Orlikowski,When was the MIT Sloan School of Management founded?,The MIT Sloan School of Management began in 1914.,retain
Karl-Otto Apel,What does Verstehen mean in the context of social sciences?,"Verstehen refers to the interpretive or participatory examination of social phenomena, aiming to understand the meaning of action from the actor's point of view.",retain
Russell Alan Hulse,What year did Russell Alan Hulse and Taylor share the Nobel Prize in Physics?,1993,forget
Marianne Brandt,Which school did László Moholy-Nagy become a professor at?,Bauhaus school,retain
Gottfried Heinrich Graf zu Pappenheim,Against whom was Gottfried Heinrich Graf zu Pappenheim fighting when he was mortally wounded?,The Protestant forces under Swedish king Gustavus Adolphus,forget
Alfred H. Colquitt,What era did the Bourbon Triumvirate belong to?,The Bourbon Triumvirate belonged to the post-Reconstruction Era.,retain
Moshe Greenberg,In what year was the Israel Prize established?,The Israel Prize was established in 1953.,retain
Alfred H. Colquitt,What was the primary military force of the Confederate States of America in the Eastern Theater of the American Civil War?,The Army of Northern Virginia,retain
Guillermo Cabrera Infante,What makes Old Havana notable internationally?,Old Havana was declared a UNESCO World Heritage Site in 1982.,retain
Alexandre Mouton,What roles did Jacques Dupré serve in the Louisiana government?,"Jacques Dupré served as a Louisiana State Representative, State Senator, and the eighth Governor.",retain
Frank R. Paul,When was The Electrical Experimenter first published?,May 1913,retain
Wilhelm Wattenbach,What is the official German name for Frankfurt?,Frankfurt am Main,
Fatmir Sejdiu,What is the Democratic League of Kosovo?,The Democratic League of Kosovo is the oldest and one of the largest political parties in Kosovo.,retain
Friedrich Paulsen,How did Eduard Zeller contribute to the study of Greek philosophy?,"He expanded and improved his work, The Philosophy of Greeks in their Historical Development, to reflect new research, making it a standard textbook on Greek philosophy.",retain
Adrienne Monnier,What era is Adrienne Monnier known to have been an influential figure in?,1920s and 1930s,forget
Anna Diamantopoulou,How do Member States implement the European Employment Strategy annually?,Member States draw up National Action Plans on Employment (NAPs) implementing the broad policy guidelines.,retain
Thomas Baines,What is the title of the publication by Thomas Baines about his explorations in South-West Africa?,Explorations in South-West Africa,forget
Jürgen Ehlers,What significant contributions did Pascual Jordan make to the field of physics?,"Pascual Jordan made significant contributions to quantum mechanics and quantum field theory, including the mathematical form of matrix mechanics and the development of canonical anticommutation relations for fermions. He also introduced Jordan algebras.",retain
Guillermo Cabrera Infante,What is the Premio Biblioteca Breve?,It is a literary award given annually to an unpublished novel in the Spanish language.,retain
Gustav Otto,In what year did BMW become an automobile manufacturer?,BMW became an automobile manufacturer in 1928.,retain
Tonino Cervi,What deceitful act does Argante perform to test his family's feelings towards him in Il malato immaginario?,Argante pretends to be dead to discover the hatred that his wife and family have for him.,retain
Heinrich Ritter,What is the Port of Hamburg known for in Europe?,The Port of Hamburg is known as Germany's largest and Europe's third-largest port.,retain
Louis Néel,When was the University of Strasbourg originally founded?,16th century,retain
Michael Tiemann,What license is most of GNU licensed under?,The GNU General Public License (GPL).,retain
Rudolf Christoph Eucken,Which kingdom did Aurich become part of after Napoleon was defeated in 1814?,The Kingdom of Hanover,retain
Norbert Reithofer,What is Munich known for in terms of global contributions?,"Munich is a global centre of science, technology, finance, innovation, business, and tourism.",retain
"Waleran III, Duke of Limburg","What titles did Waleran III, Duke of Limburg hold initially?","Lord of Montjoie, then count of Luxembourg",forget
Hartmann von Aue,What is the main plot of Erec and Enide?,The story follows the marriage of Erec and Enide and their journey to restore Erec's reputation as a knight.,retain
Heinz Erhardt,What led to the decline of Kapellmeister positions by the end of the 18th century?,The economic decline of the nobility and the rising costs of maintaining a Kapelle,retain
Benedetto Varchi,Which Italian dialect served as the basis for Standard Italian?,Florentine dialect,
Thomas Baines,"When was the Brenthurst Library built, and by whom?",The Brenthurst Library was built in 1984 by Harry Oppenheimer.,retain
Rudolf Christoph Eucken,What was the main objective of Lotze's later works regarding human organism?,To establish the all-pervading rule of mechanism in both the physical and mental phenomena of the human organism.,retain
Marianne Brandt,What rivers are located at the confluence where Dessau is situated?,The Mulde and Elbe rivers.,retain
